ID_ESCOLA;NO_ESCOLA;REDE;RENDIMENTO_2023;SAEB_MAT_2023;SAEB_PORT_2023;SAEB_MEDIA_2023;IDEB_2023;INSE_2023;N_ALUNOS_INSE;INSE_CLASSIFICACAO;TDI_2023;IED_2023;Nome do Município;Nome da Escola;Dependência Administrativa;G1;G2;G3;G4;G5;AFD_2023;DSU_2023;IRD_2023;ATU_2023;HAD_2023;ICG_2023;TNR_2023;SPAECE_PORT_2023;SPAECE_MAT_2023;SPAECE_MEDIA_2023;INF_2023;ATU_CENSO_2023;PCB_2023;PCH_2023
23064927;ESCOLA MUNICIPAL PROFESSORA ALDACI BARBOSA;Municipal;0.98992;247.8;253.26;5.017667;5.0;4.6;268;Nível IV;16.0;375.6;Fortaleza;ESCOLA MUNICIPAL PROFESSORA ALDACI BARBOSA;Municipal;84.5;1.8;0.0;3.3;10.4;86.6;91.4;2.857899;31.5;5.8;3;1.4;253.699118941714;241.077136369488;247.388127655601;9.0;31.516129032258064;18.19757365684575;49.53940634595701
23065028;ESCOLA MUNICIPAL DE TEMPO INTEGRAL PROFESSOR ALVARO COSTA;Municipal;0.997227;250.64;259.65;5.1715;5.2;4.52;99;Nível IV;18.0;314.20000000000005;Fortaleza;ESCOLA MUNICIPAL DE TEMPO INTEGRAL PROFESSOR ALVARO COSTA;Municipal;97.0;3.0;0.0;0.0;0.0;99.4;100.0;2.76455;33.3;10.0;2;3.0;253.454972964691;244.630205494118;249.04258922940448;8.0;33.25;20.37735849056604;53.63408521303258
23065125;ESCOLA MUNICIPAL PROFESSOR AMERICO BARREIRA;Municipal;0.993465;257.17;260.79;5.299333;5.3;4.38;204;Nível III;14.5;390.7000000000001;Fortaleza;ESCOLA MUNICIPAL PROFESSOR AMERICO BARREIRA;Municipal;66.4;0.0;10.0;0.0;23.6;71.4;81.3;2.394396;32.1;6.8;5;0.0;256.575334153941;241.503275648352;249.0393049011465;10.0;31.875;12.736660929432016;50.882352941176464
23065192;ESCOLA MUNICIPAL ANGELICA GURGEL;Municipal;1.0;253.8;266.45;5.3375;5.3;4.76;274;Nível IV;14.9;394.6;Fortaleza;ESCOLA MUNICIPAL ANGELICA GURGEL;Municipal;83.3;0.0;4.1;0.0;12.6;85.35;90.7;3.285143;37.0;6.8;5;1.5;260.595061408019;241.904150430104;251.24960591906148;10.0;36.73076923076923;10.0;51.30890052356021
23065265;ESCOLA MUNICIPAL DE TEMPO INTEGRAL DOM ANTONIO DE ALMEIDA LUSTOSA;Municipal;1.0;257.25;262.71;5.332667;5.3;4.48;115;Nível III;5.1;323.6;Fortaleza;ESCOLA MUNICIPAL DE TEMPO INTEGRAL DOM ANTONIO DE ALMEIDA LUSTOSA;Municipal;93.9;6.1;0.0;0.0;0.0;98.78;100.0;1.897302;37.5;10.0;2;0.9;260.432296051134;249.660029346857;255.0461626989955;11.0;37.5;14.469453376205788;53.77777777777778
23065346;ESCOLA MUNICIPAL DE TEMPO INTEGRAL PROFESSOR ANTONIO GIRAO BARROSO;Municipal;1.0;284.3;286.03;6.172167;6.2;4.7;78;Nível IV;5.4;285.6;Fortaleza;ESCOLA MUNICIPAL DE TEMPO INTEGRAL PROFESSOR ANTONIO GIRAO BARROSO;Municipal;100.0;0.0;0.0;0.0;0.0;100.0;100.0;2.344925;37.0;10.0;2;0.9;286.562251570543;272.003615636406;279.2829336034745;10.0;37.0;6.451612903225806;43.84384384384384
23065621;ESCOLA MUNICIPAL ARI DE SA CAVALCANTE;Municipal;0.979518;274.66;285.29;5.999167;5.9;4.64;232;Nível IV;11.4;381.4;Fortaleza;ESCOLA MUNICIPAL ARI DE SA CAVALCANTE;Municipal;95.3;0.0;0.0;0.0;4.7;95.3;93.8;2.505257;31.4;6.6;4;2.5;278.016054494446;267.89939748215;272.957725988298;9.0;27.571428571428573;12.12121212121212;50.51813471502591
23065834;ESCOLA MUNICIPAL BARBARA DE ALENCAR;Municipal;0.988167;238.28;247.86;4.769;4.7;4.63;240;Nível IV;10.4;415.4;Fortaleza;ESCOLA MUNICIPAL BARBARA DE ALENCAR;Municipal;97.4;0.0;2.6;0.0;0.0;98.7;100.0;2.517767;37.3;6.9;3;0.9;247.055988095646;236.992747317298;242.024367706472;9.0;37.29166666666666;10.44776119402985;54.52513966480447
23065958;ESCOLA MUNICIPAL PROFESSORA BELARMINA CAMPOS;Municipal;0.996463;250.46;268.6;5.317667;5.3;4.47;216;Nível III;9.5;384.5;Fortaleza;ESCOLA MUNICIPAL PROFESSORA BELARMINA CAMPOS;Municipal;92.0;0.0;8.0;0.0;0.0;96.0;100.0;2.26114;36.9;7.0;4;1.6;268.022449987813;239.990964539963;254.006707263888;9.0;27.84;9.917355371900827;53.01724137931034
23067390;ESCOLA MUNICIPAL CONCEICAO MOURAO;Municipal;0.994712;246.36;261.83;5.1365;5.1;4.69;189;Nível IV;15.3;385.2;Fortaleza;ESCOLA MUNICIPAL CONCEICAO MOURAO;Municipal;88.7;0.0;4.3;0.0;7.0;90.85;96.3;2.043658;35.9;7.0;3;2.7;252.24096030239;234.254659510651;243.2478099065205;10.0;35.94444444444444;7.954545454545454;51.622874806800624
23067543;ESCOLA MUNICIPAL CREUSA DO CARMO ROCHA;Municipal;1.0;240.29;253.72;4.900167;4.9;4.5;280;Nível IV;13.2;381.7;Fortaleza;ESCOLA MUNICIPAL CREUSA DO CARMO ROCHA;Municipal;86.5;0.0;13.5;0.0;0.0;93.25;100.0;2.315101;34.3;6.8;5;2.0;254.896180814184;231.735240631345;243.3157107227645;10.0;33.9375;13.333333333333334;47.79005524861879
23067691;ESCOLA MUNICIPAL CRISTO REDENTOR;Municipal;0.968864;242.75;250.56;4.8885;4.7;4.48;194;Nível III;16.4;383.4;Fortaleza;ESCOLA MUNICIPAL CRISTO REDENTOR;Municipal;94.5;0.0;5.5;0.0;0.0;97.25;100.0;2.713888;37.3;6.9;3;0.9;243.319882116139;229.982460850006;236.6511714830725;9.0;37.333333333333336;12.195121951219512;50.148809523809526
23067829;ESCOLA MUNICIPAL DEMOCRITO ROCHA;Municipal;0.987411;232.19;249.37;4.692667;4.6;4.74;244;Nível IV;15.9;381.7;Fortaleza;ESCOLA MUNICIPAL DEMOCRITO ROCHA;Municipal;86.3;0.0;1.7;2.5;9.5;87.64999999999999;90.7;2.497611;35.2;7.0;3;3.3;241.046702673846;234.262915038285;237.6548088560655;10.0;34.47826086956522;10.264900662251655;47.91929382093317
23067977;ESCOLA MUNICIPAL DOLORES ALCANTARA;Municipal;0.988333;241.44;259.87;5.021833;5.0;4.43;200;Nível III;17.6;373.6;Fortaleza;ESCOLA MUNICIPAL DOLORES ALCANTARA;Municipal;75.7;5.0;3.0;0.0;16.3;81.2;86.8;1.823963;33.6;6.9;3;1.1;255.184058825165;236.220805554392;245.7024321897785;10.0;33.625;6.932773109243698;52.66418835192069
23068167;ESCOLA MUNICIPAL EDILSON BRASIL SOAREZ;Municipal;0.985692;247.52;261.57;5.1515;5.1;4.65;234;Nível IV;16.9;403.0;Fortaleza;ESCOLA MUNICIPAL EDILSON BRASIL SOAREZ;Municipal;81.7;0.9;0.4;0.0;17.0;82.62;83.3;1.751395;36.8;6.7;3;1.9;262.214361622967;241.592658258298;251.9035099406325;11.0;36.75;14.76510067114094;53.605442176870746
23068892;ESCOLA MUNICIPAL FREI LAURO SCHWARTE;Municipal;0.997481;259.95;272.79;5.545667;5.5;4.63;202;Nível IV;18.8;386.4;Fortaleza;ESCOLA MUNICIPAL FREI LAURO SCHWARTE;Municipal;90.9;0.0;9.1;0.0;0.0;95.45;100.0;2.471352;34.6;6.8;3;2.0;262.40370203637;246.538328292152;254.47101516426105;9.0;31.476190476190474;7.608695652173914;53.10136157337367
23069015;ESCOLA MUNICIPAL DE TEMPO INTEGRAL PROFESSOR ADEMAR NUNES BATISTA;Municipal;1.0;261.29;272.84;5.568833;5.6;4.75;79;Nível IV;8.4;305.79999999999995;Fortaleza;ESCOLA MUNICIPAL DE TEMPO INTEGRAL PROFESSOR ADEMAR NUNES BATISTA;Municipal;91.3;8.7;0.0;0.0;0.0;98.26;100.0;2.564353;36.9;10.0;2;1.9;279.700139367476;265.452572292857;272.5763558301665;10.0;36.9;16.117216117216117;54.20054200542005
23069317;ESCOLA MUNICIPAL DE TEMPO INTEGRAL PROFESSORA ANTONIETA CALS;Municipal;0.993964;255.53;273.15;5.478;5.4;4.66;95;Nível IV;12.5;328.70000000000005;Fortaleza;ESCOLA MUNICIPAL DE TEMPO INTEGRAL PROFESSORA ANTONIETA CALS;Municipal;84.9;0.0;0.0;3.2;11.9;85.54;90.5;2.936662;31.3;10.0;3;4.5;267.807818427418;250.29972651856;259.053772472989;10.0;27.294117647058822;15.654952076677317;50.43103448275862
23069350;ESCOLA MUNICIPAL PROFESSOR JOSE MILITAO DE ALBUQUERQUE;Municipal;1.0;251.02;269.24;5.337667;5.3;4.69;181;Nível IV;11.9;385.7;Fortaleza;ESCOLA MUNICIPAL PROFESSOR JOSE MILITAO DE ALBUQUERQUE;Municipal;85.1;3.6;11.3;0.0;0.0;93.63;100.0;2.328999;35.2;7.0;3;3.3;275.414489662826;239.223204138254;257.31884690054;10.0;31.291666666666668;15.942028985507244;51.53129161118508
23069945;ESCOLA MUNICIPAL GOVERNADOR FAUSTINO DE ALBUQUERQUE;Municipal;0.98463;237.94;251.53;4.8245;4.8;4.71;188;Nível IV;19.2;409.4;Fortaleza;ESCOLA MUNICIPAL GOVERNADOR FAUSTINO DE ALBUQUERQUE;Municipal;90.4;0.0;5.7;0.0;3.9;93.25;95.3;3.006268;34.6;6.9;3;2.6;249.990881690816;236.724634480554;243.357758085685;10.0;34.6;16.61631419939577;54.04624277456648
23069953;ESCOLA MUNICIPAL FRANCISCA ORIA SERPA;Municipal;1.0;280.51;284.05;6.076;6.1;4.57;117;Nível IV;13.3;404.2000000000001;Fortaleza;ESCOLA MUNICIPAL FRANCISCA ORIA SERPA;Municipal;100.0;0.0;0.0;0.0;0.0;100.0;100.0;3.006811;30.0;6.7;3;4.1;268.735005983995;260.63551812991;264.6852620569525;9.0;30.0;7.746478873239436;51.90476190476191
23070021;ESCOLA MUNICIPAL FRANCISCO DOMINGOS DA SILVA;Municipal;0.983893;245.08;257.1;5.036333;5.0;4.34;266;Nível III;16.7;383.7;Fortaleza;ESCOLA MUNICIPAL FRANCISCO DOMINGOS DA SILVA;Municipal;99.1;0.0;0.9;0.0;0.0;99.55;100.0;2.84515;36.0;7.0;5;2.6;261.050720749146;240.673876624246;250.862298686696;10.0;35.638888888888886;8.659549228944247;50.194855806703046
23070137;ESCOLA MUNICIPAL CONEGO FRANCISCO PEREIRA DA SILVA;Municipal;0.971296;245.65;256.57;5.037;4.9;4.65;296;Nível IV;12.3;396.1;Fortaleza;ESCOLA MUNICIPAL CONEGO FRANCISCO PEREIRA DA SILVA;Municipal;67.2;0.0;1.1;0.0;31.7;67.75;84.6;2.24793;33.6;6.8;4;1.6;255.344050583993;234.810467595422;245.07725908970752;10.0;28.847826086956523;11.655011655011654;47.47550866616428
23070188;ESCOLA MUNICIPAL PROFESSORA FERNANDA MARIA DE ALENCAR COLARES;Municipal;1.0;275.77;287.14;6.0485;6.0;4.73;198;Nível IV;9.2;375.7;Fortaleza;ESCOLA MUNICIPAL PROFESSORA FERNANDA MARIA DE ALENCAR COLARES;Municipal;96.3;0.0;3.7;0.0;0.0;98.15;100.0;2.861419;34.3;7.0;4;0.6;281.43584723084;263.593714794275;272.5147810125575;10.0;26.5;7.713125845737482;50.37735849056604
23070250;ESCOLA MUNICIPAL DE TEMPO INTEGRAL FILGUEIRAS LIMA;Municipal;1.0;271.99;277.09;5.818;5.8;4.73;115;Nível IV;13.5;326.9;Fortaleza;ESCOLA MUNICIPAL DE TEMPO INTEGRAL FILGUEIRAS LIMA;Municipal;100.0;0.0;0.0;0.0;0.0;100.0;100.0;3.670211;36.4;10.1;3;5.1;271.627759728499;266.844272980556;269.23601635452746;11.0;28.043478260869566;16.5374677002584;48.68217054263566
23070846;ESCOLA MUNICIPAL DE TEMPO INTEGRAL GUIOMAR DA SILVA ALMEIDA;Municipal;1.0;261.74;271.58;5.555333;5.6;4.49;80;Nível III;7.0;319.9;Fortaleza;ESCOLA MUNICIPAL DE TEMPO INTEGRAL GUIOMAR DA SILVA ALMEIDA;Municipal;90.6;0.0;0.0;0.0;9.4;90.6;86.7;1.997823;37.5;10.0;2;1.0;264.473411409417;247.820832461796;256.1471219356065;11.0;37.5;6.882591093117409;54.0
23070870;ESCOLA MUNICIPAL GUSTAVO BARROSO;Municipal;0.976716;260.52;273.56;5.568;5.4;4.95;130;Nível IV;10.9;415.8;Fortaleza;ESCOLA MUNICIPAL GUSTAVO BARROSO;Municipal;89.0;6.6;0.0;0.0;4.4;94.28;94.7;3.07884;32.8;6.6;4;1.0;276.156485160953;249.826223384891;262.991354272922;10.0;25.115384615384617;14.685314685314683;50.84226646248086
23070960;ESCOLA MUNICIPAL HENRIQUETA GALENO;Municipal;0.992441;233.94;246.29;4.6705;4.6;4.7;312;Nível IV;17.1;388.0;Fortaleza;ESCOLA MUNICIPAL HENRIQUETA GALENO;Municipal;94.7;0.0;2.3;0.0;3.0;95.85;97.6;2.743203;33.4;6.9;6;2.5;243.668528981137;234.777953349805;239.223241165471;10.0;32.31111111111111;18.40120663650076;45.66712517193948
23071168;ESCOLA MUNICIPAL FRANCISCO SILVA CAVALCANTE;Municipal;1.0;249.92;257.29;5.120167;5.1;4.41;159;Nível III;20.3;400.2;Fortaleza;ESCOLA MUNICIPAL FRANCISCO SILVA CAVALCANTE;Municipal;86.7;2.0;7.9;0.0;3.4;92.25;94.9;2.29436;34.6;7.0;3;3.1;255.777718495417;244.391621759695;250.084670127556;11.0;34.5625;13.738019169329077;48.64376130198915
23071427;ESCOLA MUNICIPAL ISMAEL PORDEUS;Municipal;0.972863;242.85;256.21;4.984333;4.8;4.7;295;Nível IV;18.1;387.6;Fortaleza;ESCOLA MUNICIPAL ISMAEL PORDEUS;Municipal;96.9;0.0;0.0;0.0;3.1;96.9;96.9;2.976115;37.6;6.8;6;0.9;250.364041385215;234.850950809812;242.6074960975135;10.0;32.94117647058823;12.418300653594772;49.82142857142857
23071435;ESCOLA MUNICIPAL PROFESSOR JACINTO BOTELHO;Municipal;1.0;250.8;258.59;5.1565;5.2;4.73;183;Nível IV;12.6;399.8;Fortaleza;ESCOLA MUNICIPAL PROFESSOR JACINTO BOTELHO;Municipal;90.3;4.9;4.8;0.0;0.0;96.62;100.0;2.884943;31.5;6.8;6;1.0;260.607727576551;245.162572578275;252.885150077413;9.0;25.5;17.041800643086816;50.294117647058826
23071850;ESCOLA MUNICIPAL JOAO MENDES DE ANDRADE;Municipal;0.998493;231.65;248.06;4.661833;4.7;4.5;357;Nível III;15.4;385.3;Fortaleza;ESCOLA MUNICIPAL JOAO MENDES DE ANDRADE;Municipal;89.8;0.0;10.2;0.0;0.0;94.9;100.0;2.69974;33.2;6.9;6;1.5;240.625258864345;228.798054386092;234.7116566252185;9.0;30.225;13.636363636363637;51.1166253101737
23072180;ESCOLA MUNICIPAL PADRE ARIMATEIA DINIZ;Municipal;1.0;252.75;259.09;5.197333;5.2;4.65;151;Nível IV;11.9;390.7;Fortaleza;ESCOLA MUNICIPAL PADRE ARIMATEIA DINIZ;Municipal;84.7;4.7;10.6;0.0;0.0;93.76;100.0;2.362296;37.6;6.9;4;0.7;257.283681261187;247.0175328861;252.1506070736435;10.0;24.5;17.12962962962963;52.26757369614512
23072202;ESCOLA MUNICIPAL JOSE AYRTON TEIXEIRA;Municipal;1.0;241.2;254.85;4.934167;4.9;4.54;218;Nível IV;18.9;391.9;Fortaleza;ESCOLA MUNICIPAL JOSE AYRTON TEIXEIRA;Municipal;85.8;0.0;2.0;0.0;12.2;86.8;89.2;2.577516;33.1;7.0;3;2.4;236.285939669601;230.254444485841;233.270192077721;10.0;33.125;18.03652968036529;52.20125786163522
23072229;ESCOLA MUNICIPAL VEREADOR JOSE BARROS DE ALENCAR;Municipal;0.966759;248.71;258.23;5.115667;4.9;4.58;148;Nível IV;14.5;384.50000000000006;Fortaleza;ESCOLA MUNICIPAL VEREADOR JOSE BARROS DE ALENCAR;Municipal;97.5;0.0;0.0;0.0;2.5;97.5;96.2;2.769275;32.0;6.8;3;0.6;246.900818759104;232.18019794467;239.540508351887;9.0;32.0;10.434782608695652;54.1015625
23072245;ESCOLA MUNICIPAL JOSE BONIFACIO DE SOUSA;Municipal;0.999248;248.22;262.13;5.1725;5.2;4.41;231;Nível III;17.6;388.5;Fortaleza;ESCOLA MUNICIPAL JOSE BONIFACIO DE SOUSA;Municipal;86.1;0.3;2.8;0.8;10.0;87.89999999999999;93.3;3.200797;34.2;6.9;3;0.7;258.333892252577;238.751641031774;248.5427666421755;9.0;34.1875;11.317567567567568;50.18281535648994
23072270;ESCOLA MUNICIPAL JOSE DE ALENCAR;Municipal;1.0;248.24;267.64;5.264667;5.3;4.59;233;Nível IV;16.2;381.1;Fortaleza;ESCOLA MUNICIPAL JOSE DE ALENCAR;Municipal;87.9;0.0;9.1;0.0;3.0;92.45;97.3;2.666218;36.1;6.7;3;0.9;263.26933474563;243.126687872774;253.198011309202;10.0;36.095238095238095;15.040650406504067;53.03430079155673
23072504;ESCOLA MUNICIPAL PROFESSOR JOSE PARSIFAL BARROSO;Municipal;0.986377;250.84;264.66;5.258333;5.2;4.56;175;Nível IV;18.0;396.8;Fortaleza;ESCOLA MUNICIPAL PROFESSOR JOSE PARSIFAL BARROSO;Municipal;79.8;6.0;10.4;0.0;3.8;89.8;96.9;3.143146;35.5;6.9;3;2.1;255.259163065041;242.243446618931;248.751304841986;9.0;35.53333333333333;13.333333333333334;51.03189493433396
23072512;ESCOLA MUNICIPAL JOSE RAMOS TORRES DE MELO;Municipal;0.998493;262.03;268.77;5.513333;5.5;4.66;287;Nível IV;13.6;387.4;Fortaleza;ESCOLA MUNICIPAL JOSE RAMOS TORRES DE MELO;Municipal;94.3;1.4;2.9;1.4;0.0;97.15;100.0;3.277347;33.6;5.8;3;1.5;265.419537464185;255.287141443455;260.35333945382;11.0;33.57142857142857;7.100591715976331;46.297872340425535
23072520;ESCOLA MUNICIPAL PROFESSOR JOSE REBOUCAS MACAMBIRA;Municipal;1.0;248.44;261.56;5.166667;5.2;4.51;278;Nível IV;13.4;387.5;Fortaleza;ESCOLA MUNICIPAL PROFESSOR JOSE REBOUCAS MACAMBIRA;Municipal;85.4;0.0;6.4;0.0;8.2;88.60000000000001;93.6;2.987546;36.1;6.6;4;1.8;254.036339679627;244.29981658663;249.1680781331285;10.0;29.205128205128204;18.937644341801384;51.62423178226514
23072911;ESCOLA MUNICIPAL PRESIDENTE KENNEDY;Municipal;0.98681;263.45;270.84;5.5715;5.5;4.56;164;Nível IV;17.0;389.3;Fortaleza;ESCOLA MUNICIPAL PRESIDENTE KENNEDY;Municipal;85.2;0.0;6.6;3.1;5.1;89.12;92.1;2.872671;38.9;7.1;5;1.1;278.823184104409;260.686753485942;269.7549687951755;9.0;36.130434782608695;9.109730848861282;47.773766546329725
23073080;ESCOLA MUNICIPAL MONSENHOR LINHARES;Municipal;0.917996;251.89;258.76;5.1775;4.8;4.64;171;Nível IV;20.2;416.2;Fortaleza;ESCOLA MUNICIPAL MONSENHOR LINHARES;Municipal;96.5;2.5;0.0;0.0;1.0;98.5;97.3;3.243696;34.5;6.4;5;2.0;253.432404858333;241.768642470836;247.6005236645845;11.0;34.08695652173913;13.507109004739338;51.65816326530612
23073144;ESCOLA MUNICIPAL PROFESSORA LIREDA FACO;Municipal;0.992392;237.86;251.64;4.825;4.8;4.46;285;Nível III;11.3;397.8;Fortaleza;ESCOLA MUNICIPAL PROFESSORA LIREDA FACO;Municipal;84.9;0.0;15.1;0.0;0.0;92.45;100.0;2.911185;35.4;6.5;6;0.1;250.212210484244;235.18626943384;242.699239959042;10.0;29.93220338983051;18.415637860082303;47.45186862967157
23073543;ESCOLA MUNICIPAL MARIA DE LOURDES RIBEIRO JEREISSATI;Municipal;1.0;243.79;271.0;5.2465;5.2;4.44;181;Nível III;12.6;380.5;Fortaleza;ESCOLA MUNICIPAL MARIA DE LOURDES RIBEIRO JEREISSATI;Municipal;79.5;0.0;8.4;0.0;12.1;83.7;90.3;2.858354;37.1;6.8;4;1.1;264.616163741923;238.798072373934;251.70711805792848;11.0;27.729166666666668;13.162393162393164;50.86401202103682
23073608;ESCOLA MUNICIPAL PROFESSORA MARIA GONDIM DOS SANTOS;Municipal;1.0;235.46;241.2;4.611;4.6;4.47;162;Nível III;11.5;384.0;Fortaleza;ESCOLA MUNICIPAL PROFESSORA MARIA GONDIM DOS SANTOS;Municipal;88.7;0.0;0.0;0.0;11.3;88.7;88.0;2.554707;33.3;7.0;4;1.2;241.51620034737;232.855728381327;237.18596436434848;10.0;21.41025641025641;26.82481751824817;51.8562874251497
23073667;ESCOLA MUNICIPAL MARIA HELENILCE CAVALCANTE LEITE MARTINS;Municipal;0.984635;234.64;238.09;4.5455;4.5;4.6;222;Nível IV;21.0;403.1;Fortaleza;ESCOLA MUNICIPAL MARIA HELENILCE CAVALCANTE LEITE MARTINS;Municipal;89.3;0.0;6.4;0.0;4.3;92.5;93.9;2.843208;34.5;6.9;4;2.2;238.148610880564;228.17159429891;233.160102589737;10.0;30.151515151515152;6.0606060606060606;54.17085427135678
23073748;ESCOLA MUNICIPAL PROFESSORA MARIA STELLA COCHRANE SANTIAGO;Municipal;1.0;252.87;266.98;5.330833;5.3;4.85;185;Nível IV;8.7;390.3;Fortaleza;ESCOLA MUNICIPAL PROFESSORA MARIA STELLA COCHRANE SANTIAGO;Municipal;88.8;0.0;2.0;0.0;9.2;89.8;93.5;2.494638;38.4;6.6;4;1.5;266.222133431097;248.793280231977;257.507706831537;10.0;25.73913043478261;13.135593220338984;51.09797297297297
23073764;ESCOLA MUNICIPAL MARIA VIVIANE BENEVIDES GOUVEIA;Municipal;1.0;246.96;261.52;5.141333;5.1;4.63;132;Nível IV;11.6;406.1;Fortaleza;ESCOLA MUNICIPAL MARIA VIVIANE BENEVIDES GOUVEIA;Municipal;91.1;0.0;8.9;0.0;0.0;95.55;100.0;2.724751;29.8;6.9;4;0.4;259.497686454412;244.164577296622;251.83113187551703;10.0;26.2;29.095354523227385;54.50381679389314
23073772;ESCOLA MUNICIPAL MARIA ZELIA CORREIA DE SOUZA;Municipal;0.946549;238.62;242.07;4.678167;4.4;4.55;169;Nível IV;21.6;403.4;Fortaleza;ESCOLA MUNICIPAL MARIA ZELIA CORREIA DE SOUZA;Municipal;98.9;0.0;1.1;0.0;0.0;99.45;100.0;2.351593;33.6;7.1;5;9.0;239.113728253807;229.471854644894;234.2927914493505;11.0;28.535714285714285;12.454873646209386;48.93617021276596
23073870;ESCOLA MUNICIPAL GENERAL MANOEL CORDEIRO NETO;Municipal;0.995951;238.36;248.44;4.78;4.8;4.49;205;Nível III;18.2;383.2;Fortaleza;ESCOLA MUNICIPAL GENERAL MANOEL CORDEIRO NETO;Municipal;92.9;0.0;4.6;0.0;2.5;95.2;95.1;2.625683;32.6;6.9;3;1.6;246.52154085039;229.772767994402;238.147154422396;10.0;32.64705882352941;20.418848167539267;49.90990990990991
23073934;ESCOLA MUNICIPAL DOM MANOEL DA SILVA GOMES;Municipal;0.995951;262.37;275.03;5.623333;5.6;4.68;263;Nível IV;11.6;394.19999999999993;Fortaleza;ESCOLA MUNICIPAL DOM MANOEL DA SILVA GOMES;Municipal;84.5;0.0;0.0;0.0;15.5;84.5;91.4;3.265401;35.2;7.0;3;2.5;267.246201269432;250.647579444261;258.9468903568465;9.0;29.785714285714285;13.541666666666666;49.280575539568346
23074078;ESCOLA MUNICIPAL MARIETA CALS;Municipal;0.988968;253.62;268.14;5.362667;5.3;4.69;275;Nível IV;11.0;384.80000000000007;Fortaleza;ESCOLA MUNICIPAL MARIETA CALS;Municipal;94.5;0.0;1.1;0.0;4.4;95.05;92.3;3.119382;38.2;6.9;6;0.8;269.72893206219;248.701983486369;259.21545777427946;10.0;32.5;14.673913043478262;48.32167832167833
23074086;ESCOLA MUNICIPAL MARIETA GUEDES MARTINS;Municipal;1.0;245.65;257.85;5.058333;5.1;4.63;241;Nível IV;15.1;382.9;Fortaleza;ESCOLA MUNICIPAL MARIETA GUEDES MARTINS;Municipal;90.8;0.0;4.4;0.0;4.8;93.0;97.6;3.155244;36.1;6.8;3;0.8;251.627099952887;239.136404769831;245.381752361359;11.0;36.13636363636363;10.321100917431194;50.06289308176101
23074124;ESCOLA MUNICIPAL MARTHA DOS MARTINS COELHO GUILHERME;Municipal;1.0;250.81;267.05;5.297667;5.3;4.68;212;Nível IV;13.6;400.1;Fortaleza;ESCOLA MUNICIPAL MARTHA DOS MARTINS COELHO GUILHERME;Municipal;80.3;0.0;1.5;0.0;18.2;81.05;84.4;2.565228;36.0;7.0;4;3.2;263.117177135452;242.198170204508;252.65767366998;9.0;28.186046511627907;5.9459459459459465;50.99009900990099
23074140;ESCOLA MUNICIPAL PROFESSOR MARTINZ DE AGUIAR;Municipal;0.998493;261.13;272.5;5.5605;5.6;4.62;134;Nível IV;19.6;390.5;Fortaleza;ESCOLA MUNICIPAL PROFESSOR MARTINZ DE AGUIAR;Municipal;100.0;0.0;0.0;0.0;0.0;100.0;100.0;3.289749;33.6;6.6;3;1.6;270.015708983125;252.130171444573;261.072940213849;10.0;29.37037037037037;10.606060606060606;50.94577553593948
23074876;ESCOLA MUNICIPAL MOURA BRASIL;Municipal;0.993711;241.19;258.72;4.9985;5.0;4.44;121;Nível III;18.4;399.8;Fortaleza;ESCOLA MUNICIPAL MOURA BRASIL;Municipal;86.6;0.0;13.4;0.0;0.0;93.3;100.0;2.127891;33.4;7.0;4;0.0;256.793281693938;238.7195509023;247.756416298119;8.0;24.692307692307693;8.878504672897195;49.06542056074766
23075074;ESCOLA MUNICIPAL PROJETO NASCENTE;Municipal;0.950315;254.53;264.02;5.309167;5.0;4.65;190;Nível IV;14.5;394.4;Fortaleza;ESCOLA MUNICIPAL PROJETO NASCENTE;Municipal;99.1;0.0;0.9;0.0;0.0;99.55;100.0;2.426009;33.3;7.0;4;1.5;269.901349117258;249.139870187478;259.520609652368;7.0;24.46;10.1620029455081;54.29272281275552
23075120;ESCOLA MUNICIPAL NILSON HOLANDA;Municipal;0.9902;244.66;248.44;4.885;4.8;4.43;167;Nível III;17.7;372.2;Fortaleza;ESCOLA MUNICIPAL NILSON HOLANDA;Municipal;88.8;0.5;4.3;3.2;3.2;91.99;97.2;2.362906;34.9;6.4;3;3.0;251.229758629646;236.826696533949;244.0282275817975;10.0;34.888888888888886;16.155419222903884;54.61783439490446
23075155;ESCOLA MUNICIPAL CLAUDIO MARTINS;Municipal;0.995983;248.42;258.75;5.1195;5.1;4.41;173;Nível III;18.3;386.7;Fortaleza;ESCOLA MUNICIPAL CLAUDIO MARTINS;Municipal;92.3;0.0;4.6;0.0;3.1;94.6;98.1;2.611595;33.7;7.0;3;0.8;247.569800408194;234.832333743449;241.2010670758215;10.0;33.72727272727273;12.009237875288685;50.943396226415096
23076720;ESCOLA MUNICIPAL RACHEL VIANA MARTINS;Municipal;0.972427;228.21;248.77;4.616333;4.5;4.5;187;Nível III;8.4;391.1;Fortaleza;ESCOLA MUNICIPAL RACHEL VIANA MARTINS;Municipal;97.6;0.0;0.0;0.0;2.4;97.6;95.7;2.884726;35.1;6.8;4;2.8;236.427899186712;224.669134269969;230.5485167283405;10.0;28.451612903225808;9.509202453987731;53.6281179138322
23077131;ESCOLA MUNICIPAL ROGACIANO LEITE;Municipal;0.959196;231.39;243.15;4.575667;4.4;4.66;116;Nível IV;18.9;415.8;Fortaleza;ESCOLA MUNICIPAL ROGACIANO LEITE;Municipal;80.9;0.0;0.0;0.0;19.1;80.9;87.5;2.353931;34.8;7.0;3;2.3;235.30777667518;226.998454487512;231.153115581346;9.0;31.5;10.144927536231885;56.96649029982363
23077450;ESCOLA MUNICIPAL SEBASTIANA ALDIGUERI;Municipal;0.982107;244.85;262.52;5.122833;5.0;4.48;182;Nível III;14.0;396.9;Fortaleza;ESCOLA MUNICIPAL SEBASTIANA ALDIGUERI;Municipal;92.6;0.0;7.4;0.0;0.0;96.3;100.0;2.241233;35.3;7.0;3;1.0;260.634465996917;240.487203240256;250.5608346185865;8.0;35.27777777777778;10.7981220657277;48.81889763779528
23077468;ESCOLA MUNICIPAL SEBASTIAO DE ABREU;Municipal;0.996245;245.83;254.5;5.0055;5.0;4.56;196;Nível IV;14.6;387.1;Fortaleza;ESCOLA MUNICIPAL SEBASTIAO DE ABREU;Municipal;89.5;1.6;8.9;0.0;0.0;95.23;100.0;2.918314;35.5;6.9;3;1.2;258.852571269709;252.003667861558;255.4281195656335;10.0;35.54545454545455;17.89617486338798;52.0460358056266
23077794;ESCOLA MUNICIPAL TAIS MARIA BEZERRA NOGUEIRA;Municipal;0.968192;246.78;260.15;5.1155;5.0;4.58;229;Nível IV;19.5;393.1;Fortaleza;ESCOLA MUNICIPAL TAIS MARIA BEZERRA NOGUEIRA;Municipal;82.0;0.0;3.4;0.0;14.6;83.7;88.1;2.914684;37.0;6.9;5;3.6;249.395488575477;234.433027255776;241.9142579156265;10.0;35.827586206896555;9.745762711864408;48.12319538017324
23078006;ESCOLA MUNICIPAL PROFESSORA TEREZINHA FERREIRA PARENTE;Municipal;0.995743;244.24;261.68;5.098667;5.1;4.56;180;Nível IV;12.0;370.3;Fortaleza;ESCOLA MUNICIPAL PROFESSORA TEREZINHA FERREIRA PARENTE;Municipal;89.9;0.0;2.2;0.0;7.9;91.0;91.9;2.763069;35.2;7.0;6;0.4;256.136045035581;238.363346927822;247.2496959817015;10.0;28.953488372093023;10.542168674698797;49.63855421686747
23078030;ESCOLA MUNICIPAL THOMAZ POMPEU SOBRINHO;Municipal;0.996718;249.59;257.8;5.123167;5.1;4.92;168;Nível IV;13.5;395.2000000000001;Fortaleza;ESCOLA MUNICIPAL THOMAZ POMPEU SOBRINHO;Municipal;86.8;0.0;9.9;0.0;3.3;91.75;95.2;2.755614;35.9;7.0;4;1.5;252.69334654075;233.465177954369;243.0792622475595;9.0;25.676470588235293;19.708029197080293;50.63001145475372
23078413;ESCOLA MUNICIPAL VICENTE FIALHO;Municipal;0.985906;245.99;260.91;5.115;5.0;4.49;131;Nível III;15.8;404.6;Fortaleza;ESCOLA MUNICIPAL VICENTE FIALHO;Municipal;100.0;0.0;0.0;0.0;0.0;100.0;100.0;2.864185;36.6;7.0;6;3.1;244.879591369379;227.014159765883;235.946875567631;10.0;27.214285714285715;13.472485768500947;48.55643044619423
23078553;ESCOLA MUNICIPAL WALDEMAR BARROSO;Municipal;0.964823;243.14;255.2;4.972333;4.8;4.43;187;Nível III;17.8;380.1;Fortaleza;ESCOLA MUNICIPAL WALDEMAR BARROSO;Municipal;80.1;0.0;12.9;0.0;7.0;86.55;94.3;2.309407;34.2;7.0;3;4.9;252.618336185939;241.006733746007;246.812534965973;10.0;34.22727272727273;6.779661016949152;49.136786188579016
23078596;ESCOLA MUNICIPAL WASHINGTON SOARES;Municipal;0.983448;239.7;254.61;4.905167;4.8;4.37;119;Nível III;22.6;380.0;Fortaleza;ESCOLA MUNICIPAL WASHINGTON SOARES;Municipal;99.2;0.0;0.8;0.0;0.0;99.6;100.0;3.469876;33.3;6.0;3;0.5;247.374013512162;232.298155496593;239.8360845043775;8.0;33.25;9.13978494623656;53.38345864661655
23078600;ESCOLA MUNICIPAL YOLANDA QUEIROZ;Municipal;1.0;238.4;249.22;4.793667;4.8;4.54;102;Nível IV;14.1;418.9;Fortaleza;ESCOLA MUNICIPAL YOLANDA QUEIROZ;Municipal;93.9;0.0;6.1;0.0;0.0;96.95;100.0;2.675963;35.7;4.9;4;2.8;222.407968965242;223.130858990212;222.769413977727;9.0;24.484848484848484;17.647058823529413;54.95049504950495
23078626;ESCOLA MUNICIPAL ZAIRA MONTEIRO GONDIM;Municipal;0.939862;254.22;264.1;5.305333;5.0;4.62;141;Nível IV;19.9;396.0;Fortaleza;ESCOLA MUNICIPAL ZAIRA MONTEIRO GONDIM;Municipal;98.1;0.0;1.9;0.0;0.0;99.05;100.0;2.994031;34.1;7.0;3;1.6;267.729792572468;250.255080927337;258.9924367499025;8.0;34.13333333333333;10.580204778156997;51.171875
23078740;ESCOLA MUNICIPAL DE TEMPO INTEGRAL DIOGO VITAL DE SIQUEIRA;Municipal;1.0;282.56;292.01;6.242833;6.2;4.75;75;Nível IV;4.7;305.0;Fortaleza;ESCOLA MUNICIPAL DE TEMPO INTEGRAL DIOGO VITAL DE SIQUEIRA;Municipal;81.6;0.0;0.0;5.3;13.1;82.66;85.0;2.601651;36.8;10.0;2;1.7;285.870501023724;266.570494650041;276.2204978368825;10.0;36.81818181818182;12.280701754385964;51.11111111111111
23078766;ESCOLA MUNICIPAL CASIMIRO MONTENEGRO;Municipal;0.990107;237.08;240.09;4.6195;4.6;4.59;163;Nível IV;13.7;354.1;Fortaleza;ESCOLA MUNICIPAL CASIMIRO MONTENEGRO;Municipal;91.5;0.0;1.9;0.0;6.6;92.45;91.7;1.939189;34.3;6.7;4;4.9;231.650091841471;228.076335386695;229.863213614083;9.0;27.85185185185185;11.190476190476192;51.32978723404256
23080124;ESCOLA MUNICIPAL JORNALISTA DURVAL AIRES;Municipal;0.942511;238.01;251.05;4.817667;4.5;4.62;159;Nível IV;14.8;403.4;Fortaleza;ESCOLA MUNICIPAL JORNALISTA DURVAL AIRES;Municipal;92.4;7.0;0.6;0.0;0.0;98.3;100.0;1.537743;31.6;7.0;3;5.2;241.492481529023;232.840925966762;237.16670374789248;10.0;31.615384615384617;10.526315789473683;55.961070559610704
23184558;ESCOLA MUNICIPAL MANUEL LIMA SOARES;Municipal;0.983742;233.04;244.99;4.633833;4.6;4.48;177;Nível III;22.4;380.0;Fortaleza;ESCOLA MUNICIPAL MANUEL LIMA SOARES;Municipal;89.7;0.0;7.5;2.8;0.0;94.01;100.0;2.4605;35.9;7.0;5;1.2;247.283041368918;227.266868429338;237.274954899128;10.0;32.92857142857143;11.252268602540836;50.10845986984816
23184779;ESCOLA MUNICIPAL RAIMUNDO SOARES DE SOUZA;Municipal;1.0;244.68;256.25;5.0155;5.0;4.52;275;Nível IV;17.6;413.4;Fortaleza;ESCOLA MUNICIPAL RAIMUNDO SOARES DE SOUZA;Municipal;87.8;0.0;1.6;0.0;10.6;88.6;86.7;2.703852;38.2;7.0;5;1.0;255.489226950123;240.200590335819;247.844908642971;10.0;34.958333333333336;20.62780269058296;50.29797377830752
23184914;ESCOLA MUNICIPAL PADRE ANTONIO MONTEIRO DA CRUZ;Municipal;0.9794;234.23;238.3;4.542167;4.4;4.43;267;Nível III;15.9;412.6;Fortaleza;ESCOLA MUNICIPAL PADRE ANTONIO MONTEIRO DA CRUZ;Municipal;87.8;0.0;9.6;0.0;2.6;92.6;95.8;2.47939;33.0;6.6;6;0.9;238.11547005876;226.962797345886;232.539133702323;8.0;28.35185185185185;7.674144037780402;47.81188765512736
23186160;ESCOLA MUNICIPAL FREI TITO DE ALENCAR LIMA;Municipal;0.977314;248.97;260.31;5.154667;5.0;4.44;241;Nível III;12.1;380.8;Fortaleza;ESCOLA MUNICIPAL FREI TITO DE ALENCAR LIMA;Municipal;92.0;0.0;0.0;8.0;0.0;93.6;100.0;2.959191;37.5;7.0;4;1.4;254.344074761404;243.205649402083;248.7748620817435;11.0;28.02380952380953;7.600950118764846;49.447748513169074
23187778;ESCOLA MUNICIPAL SANTA MARIA;Municipal;0.988386;250.34;263.22;5.226;5.2;4.72;220;Nível IV;17.0;407.9;Fortaleza;ESCOLA MUNICIPAL SANTA MARIA;Municipal;89.3;0.0;0.7;0.0;10.0;89.64999999999999;92.1;3.132749;35.5;6.2;3;2.4;262.43332542925;244.207925690617;253.3206255599335;9.0;31.65625;11.196911196911197;50.54294175715695
23198818;ESCOLA MUNICIPAL MARIA FELICIO LOPES;Municipal;0.983574;241.35;250.63;4.866333;4.8;4.5;251;Nível IV;12.7;400.0;Fortaleza;ESCOLA MUNICIPAL MARIA FELICIO LOPES;Municipal;85.6;0.0;7.0;7.4;0.0;90.58;100.0;2.369134;37.5;7.0;4;2.2;244.149264478053;234.618842792177;239.38405363511495;9.0;26.384615384615383;8.035714285714286;50.65597667638484
23212543;ESCOLA MUNICIPAL PROFESSOR LUIS RECAMONDE CAPELO;Municipal;0.977735;228.48;238.42;4.448333;4.3;4.5;137;Nível IV;24.0;396.5;Fortaleza;ESCOLA MUNICIPAL PROFESSOR LUIS RECAMONDE CAPELO;Municipal;86.7;0.0;5.5;0.0;7.8;89.45;93.3;1.814879;30.7;6.9;3;3.0;228.414260199597;222.220105304893;225.317182752245;8.0;30.6875;12.648221343873518;52.95315682281058
23213140;ESCOLA MUNICIPAL MARIA ROCHELLE DA SILVA;Municipal;0.994217;252.28;270.45;5.378833;5.3;4.63;146;Nível IV;6.9;403.2;Fortaleza;ESCOLA MUNICIPAL MARIA ROCHELLE DA SILVA;Municipal;89.1;0.0;7.2;0.0;3.7;92.7;96.6;1.723159;31.7;7.0;3;1.1;255.432177725976;243.50303884718;249.467608286578;10.0;27.818181818181817;25.60386473429952;54.08496732026144
23214899;ESCOLA MUNICIPAL EDUCADOR PAULO FREIRE;Municipal;1.0;230.19;230.8;4.349833;4.3;4.29;85;Nível III;6.4;453.9;Fortaleza;ESCOLA MUNICIPAL EDUCADOR PAULO FREIRE;Municipal;100.0;0.0;0.0;0.0;0.0;100.0;100.0;1.97205;36.0;7.0;4;4.3;227.885514592224;238.551013515492;233.218264053858;10.0;22.82608695652174;8.015267175572518;52.57142857142857
23215267;ESCOLA MUNICIPAL ANTONIO CORREIA LIMA;Municipal;0.992418;250.54;260.83;5.1895;5.2;4.68;210;Nível IV;15.8;392.6;Fortaleza;ESCOLA MUNICIPAL ANTONIO CORREIA LIMA;Municipal;95.2;0.0;0.6;0.0;4.2;95.5;97.4;2.475738;32.9;6.9;3;0.9;260.827562221229;242.548455499926;251.6880088605775;10.0;31.33333333333333;17.29957805907173;52.659574468085104
23233842;ESCOLA MUNICIPAL JOAO ESTANISLAU FACANHA;Municipal;0.977922;246.59;261.56;5.135833;5.0;4.6;210;Nível IV;16.2;399.8;Fortaleza;ESCOLA MUNICIPAL JOAO ESTANISLAU FACANHA;Municipal;91.3;0.0;8.7;0.0;0.0;95.65;100.0;2.930111;35.4;6.9;4;2.6;251.792562042169;235.925626062076;243.8590940521225;10.0;30.51851851851852;6.561360874848117;51.94174757281553
23234067;ESCOLA MUNICIPAL JONATHAN DA ROCHA ALCOFORADO;Municipal;1.0;267.19;278.82;5.766833;5.8;4.82;178;Nível IV;7.2;389.1;Fortaleza;ESCOLA MUNICIPAL JONATHAN DA ROCHA ALCOFORADO;Municipal;87.9;0.0;3.3;0.0;8.8;89.55000000000001;94.4;2.594604;37.5;7.0;4;1.7;279.822253515022;263.545034956196;271.683644235609;10.0;25.5;23.44632768361582;52.54901960784314
23234318;ESCOLA MUNICIPAL HERONDINA LIMA CAVALCANTE;Municipal;0.99623;253.8;268.9;5.378333;5.4;4.66;332;Nível IV;16.8;390.1;Fortaleza;ESCOLA MUNICIPAL HERONDINA LIMA CAVALCANTE;Municipal;90.9;0.9;4.1;0.0;4.1;93.67;97.6;3.083918;36.8;6.9;6;1.4;267.998067980956;246.004047223578;257.001057602267;11.0;35.51428571428571;17.486910994764397;49.798873692679
23242469;ESCOLA MUNICIPAL CATARINA LIMA DA SILVA;Municipal;0.995492;250.68;255.35;5.1005;5.1;4.38;207;Nível III;17.0;396.5;Fortaleza;ESCOLA MUNICIPAL CATARINA LIMA DA SILVA;Municipal;75.7;0.0;0.0;5.4;18.9;76.78;86.2;2.086502;33.5;6.8;3;0.0;257.406273847209;239.382056074866;248.3941649610375;10.0;33.5;5.591397849462366;54.92537313432836
23244305;ESCOLA MUNICIPAL JOSE ALCIDES PINTO;Municipal;1.0;241.78;257.18;4.982667;5.0;4.65;291;Nível IV;16.5;400.0;Fortaleza;ESCOLA MUNICIPAL JOSE ALCIDES PINTO;Municipal;83.9;1.6;9.5;0.0;5.0;89.93;95.7;2.863283;34.0;6.9;3;0.8;252.271353282268;232.48602851319;242.378690897729;10.0;34.035714285714285;14.345114345114348;54.249737670514165
23250631;ESCOLA MUNICIPAL PROFESSOR ERNESTO GURGEL;Municipal;0.996718;243.35;254.89;4.970667;5.0;4.53;202;Nível IV;8.0;385.0;Fortaleza;ESCOLA MUNICIPAL PROFESSOR ERNESTO GURGEL;Municipal;97.3;0.0;0.0;2.7;0.0;97.84;100.0;3.23126;35.5;7.0;4;1.1;254.491059156292;239.497857453939;246.9944583051155;10.0;26.33333333333333;16.261398176291795;54.32489451476793
23255641;ESCOLA MUNICIPAL MANOEL RODRIGUES;Municipal;0.998745;257.98;271.19;5.486167;5.5;4.48;142;Nível III;14.4;383.4;Fortaleza;ESCOLA MUNICIPAL MANOEL RODRIGUES;Municipal;88.6;0.0;11.4;0.0;0.0;94.3;100.0;2.857708;33.3;5.7;3;0.8;259.555421636896;242.985242306419;251.27033197165755;11.0;33.25;11.733800350262696;51.2781954887218
23255668;ESCOLA MUNICIPAL DOM ANTONIO BATISTA DE FRAGOSO;Municipal;0.988383;248.67;258.79;5.124333;5.1;4.5;160;Nível IV;16.8;399.9;Fortaleza;ESCOLA MUNICIPAL DOM ANTONIO BATISTA DE FRAGOSO;Municipal;93.9;0.0;6.1;0.0;0.0;96.95;100.0;2.507439;36.0;6.8;3;1.2;257.731375857942;240.18100421089;248.956190034416;10.0;35.958333333333336;13.594040968342645;52.14368482039398
23255889;ESCOLA MUNICIPAL NOSSA SENHORA DO PERPETUO SOCORRO;Municipal;0.998745;241.32;256.1;4.957;5.0;4.61;261;Nível IV;19.3;396.0;Fortaleza;ESCOLA MUNICIPAL NOSSA SENHORA DO PERPETUO SOCORRO;Municipal;95.2;0.0;3.0;0.0;1.8;96.7;98.0;2.859621;35.0;6.4;3;0.0;258.31830555969;235.996077569516;247.15719156460295;10.0;35.0;11.55778894472362;54.79591836734694
23256060;ESCOLA MUNICIPAL SAO JOSE;Municipal;0.993194;249.94;255.23;5.086167;5.1;4.4;118;Nível III;27.0;380.0;Fortaleza;ESCOLA MUNICIPAL SAO JOSE;Municipal;91.2;0.0;8.8;0.0;0.0;95.6;100.0;2.329713;37.3;6.6;3;4.7;251.079278740152;241.540232371732;246.309755555942;9.0;37.30769230769231;15.64625850340136;52.98969072164949
23256761;ESCOLA MUNICIPAL RAIMUNDO MOREIRA SENA;Municipal;0.993;227.11;240.18;4.454833;4.4;4.45;259;Nível III;8.7;395.50000000000006;Fortaleza;ESCOLA MUNICIPAL RAIMUNDO MOREIRA SENA;Municipal;91.1;0.0;8.9;0.0;0.0;95.55;100.0;2.493015;31.8;6.9;4;66.0;229.133940774584;221.11683321219;225.125386993387;10.0;24.83870967741936;17.76251226692836;52.40259740259741
23257059;ESCOLA MUNICIPAL PROFESSORA IRENE DE SOUZA PEREIRA;Municipal;0.975601;244.64;258.09;5.0455;4.9;4.53;176;Nível IV;12.3;415.7000000000001;Fortaleza;ESCOLA MUNICIPAL PROFESSORA IRENE DE SOUZA PEREIRA;Municipal;100.0;0.0;0.0;0.0;0.0;100.0;100.0;3.101526;34.3;6.9;3;2.8;249.388761422384;234.978671558069;242.1837164902265;10.0;32.45;13.80952380952381;51.61787365177196
23257369;ESCOLA MUNICIPAL GODOFREDO DE CASTRO FILHO;Municipal;0.978652;249.86;263.2;5.217667;5.1;4.38;194;Nível III;8.1;400.0;Fortaleza;ESCOLA MUNICIPAL GODOFREDO DE CASTRO FILHO;Municipal;78.7;0.0;9.4;0.8;11.1;83.56;90.5;2.92074;35.7;6.9;6;0.2;260.85436838254;242.566643847143;251.7105061148415;10.0;25.78;9.357798165137616;49.88363072148952
23259418;ESCOLA MUNICIPAL 11 DE AGOSTO;Municipal;0.994666;251.04;264.67;5.261833;5.2;4.53;231;Nível IV;23.3;367.00000000000006;Fortaleza;ESCOLA MUNICIPAL 11 DE AGOSTO;Municipal;100.0;0.0;0.0;0.0;0.0;100.0;100.0;2.733439;30.7;6.5;3;0.6;263.009152966487;244.349839567019;253.679496266753;11.0;28.59375;9.497206703910614;53.44262295081968
23259540;ESCOLA MUNICIPAL DE TEMPO INTEGRAL PROFESSOR EDGAR LINHARES LIMA;Municipal;0.996973;265.25;263.87;5.485333;5.5;4.75;109;Nível IV;6.8;299.90000000000003;Fortaleza;ESCOLA MUNICIPAL DE TEMPO INTEGRAL PROFESSOR EDGAR LINHARES LIMA;Municipal;94.6;0.0;5.4;0.0;0.0;97.3;100.0;2.690217;32.1;10.0;2;2.3;262.82817487231;258.388730416969;260.6084526446395;10.0;32.083333333333336;17.582417582417584;53.24675324675325
23259558;ESCOLA MUNICIPAL DE TEMPO INTEGRAL PROFESSORA MARIA JOSE FERREIRA GOMES;Municipal;1.0;278.19;275.61;5.896667;5.9;4.86;113;Nível IV;2.7;272.20000000000005;Fortaleza;ESCOLA MUNICIPAL DE TEMPO INTEGRAL PROFESSORA MARIA JOSE FERREIRA GOMES;Municipal;68.8;0.0;0.0;0.0;31.2;68.8;61.1;1.71972;37.0;10.0;2;1.6;276.522614319995;259.701486348025;268.11205033401;10.0;37.0;9.96309963099631;45.27027027027027
23262613;ESCOLA MUNICIPAL DE TEMPO INTEGRAL MARIA DO SOCORRO ALVES CARNEIRO;Municipal;0.997735;262.41;274.95;5.622667;5.6;4.83;117;Nível IV;6.3;310.6;Fortaleza;ESCOLA MUNICIPAL DE TEMPO INTEGRAL MARIA DO SOCORRO ALVES CARNEIRO;Municipal;93.8;0.0;6.2;0.0;0.0;96.9;100.0;2.357337;36.8;10.0;2;1.8;274.560298618664;260.053619999014;267.306959308839;11.0;36.75;24.363636363636363;52.60770975056689
23263130;ESCOLA MUNICIPAL JOAO HILDO DE CARVALHO FURTADO;Municipal;1.0;248.54;257.23;5.096167;5.1;4.57;280;Nível IV;9.0;407.4;Fortaleza;ESCOLA MUNICIPAL JOAO HILDO DE CARVALHO FURTADO;Municipal;88.8;0.0;9.5;0.0;1.7;93.55;96.2;2.881405;32.6;6.4;6;1.7;255.898205366792;246.050746409329;250.9744758880605;9.0;27.133333333333333;12.446958981612449;50.61425061425061
23263318;ESCOLA MUNICIPAL REITOR PEDRO TEIXEIRA BARROSO;Municipal;0.995472;250.38;271.9;5.371333;5.3;4.6;209;Nível IV;13.8;408.6;Fortaleza;ESCOLA MUNICIPAL REITOR PEDRO TEIXEIRA BARROSO;Municipal;100.0;0.0;0.0;0.0;0.0;100.0;100.0;2.862634;35.3;6.8;3;0.7;264.786102468575;240.267842595549;252.526972532062;8.0;35.25;13.063063063063062;52.4822695035461
23264187;ESCOLA MUNICIPAL PROFESSOR EDILSON BRASIL SOAREZ;Municipal;0.991162;238.92;253.6;4.875333;4.8;4.41;143;Nível III;6.5;392.3;Fortaleza;ESCOLA MUNICIPAL PROFESSOR EDILSON BRASIL SOAREZ;Municipal;90.2;0.0;0.0;0.0;9.8;90.2;92.3;2.344577;34.2;6.8;4;0.3;246.732095265143;227.571146176105;237.151620720624;10.0;25.3125;13.052208835341366;49.01234567901235
23264209;ESCOLA MUNICIPAL ODILON GONZAGA BRAVEZA;Municipal;0.993228;257.36;270.15;5.4585;5.4;4.8;148;Nível IV;15.2;383.7;Fortaleza;ESCOLA MUNICIPAL ODILON GONZAGA BRAVEZA;Municipal;94.5;0.0;0.6;0.0;4.9;94.8;93.5;2.627181;33.1;6.7;6;0.0;265.112461937907;248.644158968832;256.8783104533695;11.0;25.82926829268293;12.895927601809955;49.66949952785647
23264780;ESCOLA MUNICIPAL DE TEMPO INTEGRAL PROFESSOR JOSE JULIO DA PONTE;Municipal;1.0;283.85;286.5;6.1725;6.2;4.72;74;Nível IV;3.6;329.5;Fortaleza;ESCOLA MUNICIPAL DE TEMPO INTEGRAL PROFESSOR JOSE JULIO DA PONTE;Municipal;92.5;7.5;0.0;0.0;0.0;98.5;100.0;2.78028;34.9;10.0;2;3.3;286.907759654013;274.023125047683;280.465442350848;10.0;34.875;21.951219512195124;50.179211469534046
23264799;ESCOLA MUNICIPAL DE TEMPO INTEGRAL PROFESSOR ALEXANDRE RODRIGUES DE ALBUQUERQUE;Municipal;1.0;288.1;296.47;6.4095;6.4;4.62;115;Nível IV;5.0;288.90000000000003;Fortaleza;ESCOLA MUNICIPAL DE TEMPO INTEGRAL PROFESSOR ALEXANDRE RODRIGUES DE ALBUQUERQUE;Municipal;77.1;0.0;12.5;0.0;10.4;83.35;88.9;2.109438;36.3;10.0;2;0.7;288.140420234841;282.705003073987;285.422711654414;11.0;36.333333333333336;8.55614973262032;52.752293577981646
23269170;ESCOLA MUNICIPAL SAO RAFAEL;Municipal;0.99285;237.88;235.32;4.553333;4.5;4.66;67;Nível IV;15.0;386.3;Fortaleza;ESCOLA MUNICIPAL SAO RAFAEL;Municipal;82.5;0.0;17.5;0.0;0.0;91.25;100.0;2.166149;29.8;6.3;4;0.0;259.590549286102;247.951424799145;253.7709870426235;10.0;22.115384615384617;17.843866171003718;54.434782608695656
23270675;ESCOLA MUNICIPAL JOSE CARLOS DA COSTA RIBEIRO;Municipal;0.9882;247.08;261.66;5.145667;5.1;4.35;217;Nível III;11.8;399.9;Fortaleza;ESCOLA MUNICIPAL JOSE CARLOS DA COSTA RIBEIRO;Municipal;82.0;0.0;12.0;6.0;0.0;89.2;100.0;2.989227;34.4;7.0;4;1.0;260.960381533566;236.568466693874;248.76442411372;9.0;28.12903225806452;7.317073170731707;50.11467889908256
23271493;ESCOLA MUNICIPAL DE TEMPO INTEGRAL NOSSA SENHORA DE FATIMA;Municipal;0.995181;267.06;274.25;5.6885;5.7;4.73;101;Nível IV;4.5;309.6;Fortaleza;ESCOLA MUNICIPAL DE TEMPO INTEGRAL NOSSA SENHORA DE FATIMA;Municipal;83.5;0.0;0.0;5.8;10.7;84.66;90.5;2.33666;35.3;10.0;2;2.1;272.000642534377;259.904443727977;265.952543131177;11.0;35.333333333333336;22.807017543859647;50.70754716981132
23272007;ESCOLA MUNICIPAL DE TEMPO INTEGRAL MARIA ODETE DA SILVA COLARES;Municipal;0.995181;271.49;276.55;5.800667;5.8;4.92;143;Nível IV;1.9;300.0;Fortaleza;ESCOLA MUNICIPAL DE TEMPO INTEGRAL MARIA ODETE DA SILVA COLARES;Municipal;89.9;0.0;10.1;0.0;0.0;94.95;100.0;2.336679;34.8;10.0;2;1.2;274.08410436607;257.015059307083;265.5495818365765;11.0;34.833333333333336;9.933774834437086;44.97607655502392
23272694;ESCOLA MUNICIPAL DELMA HERMINIA DA SILVA PEREIRA;Municipal;0.968142;226.44;234.68;4.352;4.2;4.36;144;Nível III;28.1;391.0;Fortaleza;ESCOLA MUNICIPAL DELMA HERMINIA DA SILVA PEREIRA;Municipal;79.5;0.0;7.8;0.0;12.7;83.4;88.2;2.205154;28.8;6.9;3;1.6;240.678922887928;225.897176197576;233.288049542752;9.0;28.8;7.380952380952381;47.22222222222222
23272708;ESCOLA MUNICIPAL DE TEMPO INTEGRAL JOSE CARVALHO;Municipal;0.95401;281.94;288.48;6.173667;5.9;4.64;92;Nível IV;9.3;333.4;Fortaleza;ESCOLA MUNICIPAL DE TEMPO INTEGRAL JOSE CARVALHO;Municipal;96.3;0.0;3.7;0.0;0.0;98.15;100.0;2.521418;31.2;10.0;2;1.2;280.850178290404;273.29804271128;277.07411050084204;10.0;31.181818181818183;12.048192771084338;51.31195335276968
23272724;ESCOLA MUNICIPAL SANTOS DUMONT;Municipal;0.996973;243.18;252.82;4.933333;4.9;4.64;272;Nível IV;8.9;396.7;Fortaleza;ESCOLA MUNICIPAL SANTOS DUMONT;Municipal;87.0;0.0;0.0;0.0;13.0;87.0;90.3;3.007314;34.5;6.6;4;1.4;258.34524837271;241.155156540193;249.7502024564515;10.0;26.97872340425532;11.395348837209305;51.65615141955836
23273747;ESCOLA MUNICIPAL DE TEMPO INTEGRAL HILDETE BRASIL DE SA CAVALCANTE;Municipal;0.997227;261.85;271.22;5.551167;5.5;4.9;107;Nível IV;12.8;289.5;Fortaleza;ESCOLA MUNICIPAL DE TEMPO INTEGRAL HILDETE BRASIL DE SA CAVALCANTE;Municipal;100.0;0.0;0.0;0.0;0.0;100.0;100.0;1.431067;35.1;10.0;2;2.2;270.762399206825;258.913855836626;264.8381275217255;10.0;35.083333333333336;14.545454545454543;50.3562945368171
23273755;ESCOLA MUNICIPAL NELSON MANDELA;Municipal;0.996991;255.95;266.24;5.369833;5.4;4.68;157;Nível IV;15.5;387.6;Fortaleza;ESCOLA MUNICIPAL NELSON MANDELA;Municipal;96.8;0.0;0.5;0.0;2.7;97.05;93.8;3.033126;37.5;6.9;3;1.3;270.064272314968;251.896870744517;260.9805715297425;9.0;37.5;10.997442455242968;51.33333333333333
23273763;ESCOLA MUNICIPAL FRANCISCA ORIA SERPA - UNID II;Municipal;0.978723;239.02;248.04;4.784333;4.7;4.42;200;Nível III;10.2;396.0;Fortaleza;ESCOLA MUNICIPAL FRANCISCA ORIA SERPA - UNID II;Municipal;95.6;0.0;4.4;0.0;0.0;97.8;100.0;1.689391;34.8;7.0;3;3.8;246.140561845418;232.80432812475;239.472444985084;9.0;27.466666666666665;7.865168539325842;50.48543689320388
23274034;ESCOLA MUNICIPAL JOHNSON;Municipal;0.993984;263.57;273.48;5.6175;5.6;4.71;237;Nível IV;14.1;384.1;Fortaleza;ESCOLA MUNICIPAL JOHNSON;Municipal;89.0;0.0;11.0;0.0;0.0;94.5;100.0;2.891406;38.0;6.2;3;0.6;269.530231080065;251.185096874726;260.35766397739553;8.0;37.95454545454545;13.993174061433448;48.622754491017965
23274930;ESCOLA MUNICIPAL DE TEMPO INTEGRAL PROFESSOR PRISCO BEZERRA;Municipal;0.998241;282.35;291.38;6.228833;6.2;4.99;161;Nível IV;4.1;316.70000000000005;Fortaleza;ESCOLA MUNICIPAL DE TEMPO INTEGRAL PROFESSOR PRISCO BEZERRA;Municipal;77.0;2.6;0.0;0.0;20.4;79.08;83.3;;38.1;10.0;2;2.1;277.482695618995;265.847530014469;271.665112816732;11.0;38.0625;16.143497757847534;45.97701149425287
23275006;ESCOLA MUNICIPAL DE TEMPO INTEGRAL LEONEL DE MOURA BRIZOLA;Municipal;1.0;283.33;297.63;6.349333;6.3;4.87;112;Nível IV;0.9;322.49999999999994;Fortaleza;ESCOLA MUNICIPAL DE TEMPO INTEGRAL LEONEL DE MOURA BRIZOLA;Municipal;84.2;0.0;0.0;0.0;15.8;84.2;86.4;;36.7;10.0;2;1.4;294.787734261707;272.336942127041;283.562338194374;11.0;36.66666666666666;12.82051282051282;46.36363636363636
23275146;ESCOLA MUNICIPAL DE TEMPO INTEGRAL PROFESSOR EXPEDITO PARENTE;Municipal;0.988187;272.59;282.05;5.910667;5.8;4.99;137;Nível IV;5.5;321.3;Fortaleza;ESCOLA MUNICIPAL DE TEMPO INTEGRAL PROFESSOR EXPEDITO PARENTE;Municipal;63.8;0.0;3.4;0.0;32.8;65.5;73.9;;32.1;10.0;2;1.1;285.81757521481;265.897328773105;275.8574519939575;10.0;32.083333333333336;9.205020920502092;48.83116883116883
23275154;ESCOLA MUNICIPAL DE TEMPO INTEGRAL LAIS RODRIGUES DE ALMEIDA;Municipal;1.0;250.74;264.56;5.255;5.3;4.65;149;Nível IV;10.3;283.4;Fortaleza;ESCOLA MUNICIPAL DE TEMPO INTEGRAL LAIS RODRIGUES DE ALMEIDA;Municipal;98.1;0.0;1.9;0.0;0.0;99.05;100.0;;36.3;10.0;2;1.4;264.75631121952;248.220539942861;256.4884255811905;11.0;36.333333333333336;8.092485549132949;45.87155963302752
23277238;ESCOLA MUNICIPAL DE TEMPO INTEGRAL DEPUTADO ROBERTO MESQUITA;Municipal;0.987069;295.31;296.19;6.525;6.4;4.69;107;Nível IV;10.0;290.0;Fortaleza;ESCOLA MUNICIPAL DE TEMPO INTEGRAL DEPUTADO ROBERTO MESQUITA;Municipal;79.8;5.3;0.0;0.0;14.9;84.03999999999999;85.0;;34.3;10.0;2;1.0;294.51503256327;306.687346104676;300.601189333973;11.0;34.25;18.86120996441281;50.36496350364964
23277246;ESCOLA MUNICIPAL DE TEMPO INTEGRAL MARIA DA HORA;Municipal;0.995181;257.98;265.68;5.394333;5.4;4.64;109;Nível IV;6.6;320.90000000000003;Fortaleza;ESCOLA MUNICIPAL DE TEMPO INTEGRAL MARIA DA HORA;Municipal;62.1;0.0;12.1;2.6;23.2;68.67;83.3;;36.8;10.0;2;0.7;269.216351293469;251.563284056811;260.38981767514;11.0;36.833333333333336;8.620689655172415;47.963800904977376
23277408;ESCOLA MUNICIPAL DE TEMPO INTEGRAL PROFESSOR AGERSON TABOSA PINTO;Municipal;1.0;236.38;243.41;4.663167;4.7;4.71;107;Nível IV;10.1;284.20000000000005;Fortaleza;ESCOLA MUNICIPAL DE TEMPO INTEGRAL PROFESSOR AGERSON TABOSA PINTO;Municipal;93.8;6.2;0.0;0.0;0.0;98.76;100.0;;33.8;10.0;2;1.7;255.558507320268;242.365680121259;248.9620937207635;10.0;33.833333333333336;13.716814159292037;48.76847290640394
23277564;ESCOLA MUNICIPAL DE TEMPO INTEGRAL JOSE AROLDO CAVALCANTE MOTA;Municipal;0.995438;254.14;260.66;5.246667;5.2;4.71;110;Nível IV;10.3;347.7;Fortaleza;ESCOLA MUNICIPAL DE TEMPO INTEGRAL JOSE AROLDO CAVALCANTE MOTA;Municipal;95.7;0.0;4.3;0.0;0.0;97.85;100.0;;37.1;10.0;2;1.1;265.846992356762;247.633639674946;256.740316015854;11.0;37.083333333333336;22.181818181818183;48.08988764044943
23277572;ESCOLA MUNICIPAL PROFESSOR ASTHON GUILHERME DA SILVA;Municipal;0.989873;247.35;266.15;5.225;5.2;4.5;136;Nível III;11.4;405.8;Fortaleza;ESCOLA MUNICIPAL PROFESSOR ASTHON GUILHERME DA SILVA;Municipal;87.6;0.0;3.1;0.0;9.3;89.14999999999999;94.4;;35.8;7.1;3;3.4;257.620952529524;240.339959160492;248.980455845008;11.0;30.791666666666668;6.722689075630252;51.0148849797023
23279109;ESCOLA MUNICIPAL DE TEMPO INTEGRAL PASTOR FLORENCIO NUNES NETO;Municipal;0.997481;246.06;261.38;5.124;5.1;4.54;76;Nível IV;15.4;295.40000000000003;Fortaleza;ESCOLA MUNICIPAL DE TEMPO INTEGRAL PASTOR FLORENCIO NUNES NETO;Municipal;100.0;0.0;0.0;0.0;0.0;100.0;100.0;;35.7;10.0;2;1.9;247.504283306059;234.35408048854;240.9291818972995;10.0;35.666666666666664;13.537117903930133;54.4392523364486
23279320;ESCOLA MUNICIPAL PROFESSOR NOBERTO NOGUEIRA ALVES;Municipal;1.0;254.67;258.91;5.226333;5.2;4.59;109;Nível IV;7.3;400.0;Fortaleza;ESCOLA MUNICIPAL PROFESSOR NOBERTO NOGUEIRA ALVES;Municipal;89.7;0.0;10.3;0.0;0.0;94.85;100.0;;38.7;7.1;4;0.8;256.350796099486;236.132103565786;246.241449832636;10.0;26.97058823529412;13.333333333333334;50.81788440567067
23279621;ESCOLA MUNICIPAL DE TEMPO INTEGRAL VEREADOR ALBERTO GOMES DE QUEIROZ;Municipal;0.994722;240.0;251.9;4.865;4.8;4.42;102;Nível III;17.9;327.1;Fortaleza;ESCOLA MUNICIPAL DE TEMPO INTEGRAL VEREADOR ALBERTO GOMES DE QUEIROZ;Municipal;82.9;0.0;2.9;0.0;14.2;84.35000000000001;90.9;;35.0;10.0;2;3.8;247.906168797601;235.267343899213;241.586756348407;11.0;35.0;11.538461538461538;53.57142857142857
23280689;ESCOLA MUNICIPAL DE TEMPO INTEGRAL REITOR ROBERTO CLAUDIO FROTA BEZERRA;Municipal;1.0;269.35;285.45;5.913333;5.9;4.64;113;Nível IV;12.7;309.6;Fortaleza;ESCOLA MUNICIPAL DE TEMPO INTEGRAL REITOR ROBERTO CLAUDIO FROTA BEZERRA;Municipal;100.0;0.0;0.0;0.0;0.0;100.0;100.0;;36.8;10.0;2;0.9;281.253496011223;255.434696765048;268.3440963881355;11.0;36.833333333333336;17.708333333333336;50.90497737556561
23280697;ESCOLA MUNICIPAL ROSA DA FONSECA;Municipal;0.97868;247.07;264.45;5.192;5.1;4.6;142;Nível IV;14.2;394.2000000000001;Fortaleza;ESCOLA MUNICIPAL ROSA DA FONSECA;Municipal;89.4;0.0;8.5;0.0;2.1;93.65;94.1;;37.4;7.0;4;1.3;264.219268048481;234.983970516662;249.6016192825715;11.0;24.536585365853657;9.404990403071018;51.192842942345926
23280700;ESCOLA MUNICIPAL DE TEMPO INTEGRAL JOSE CARLOS DE OLIVEIRA NETO;Municipal;0.978994;256.82;275.87;5.544833;5.4;4.51;223;Nível IV;18.3;375.8;Fortaleza;ESCOLA MUNICIPAL DE TEMPO INTEGRAL JOSE CARLOS DE OLIVEIRA NETO;Municipal;89.8;4.9;2.3;0.0;3.0;94.87;95.7;;37.3;6.3;3;1.9;265.332115747525;246.66385150801;255.9979836277675;11.0;37.294117647058826;12.971698113207546;48.58044164037855
23302615;ESCOLA MUNICIPAL NARCISO PESSOA DE ARAUJO;Municipal;1.0;235.6;245.03;4.677167;4.7;4.41;158;Nível III;17.8;380.50000000000006;Fortaleza;ESCOLA MUNICIPAL NARCISO PESSOA DE ARAUJO;Municipal;66.5;8.8;5.9;9.4;9.4;78.37;88.5;1.897168;31.3;7.1;3;3.5;248.095242751096;233.292874857613;240.69405880435448;8.0;31.25;10.328638497652582;52.2
23324279;ESCOLA MUNICIPAL PROFESSORA MARIA ANTONEZIA MEIRELES E SA;Municipal;0.952699;249.53;265.39;5.248667;5.0;4.51;294;Nível IV;19.3;404.8;Fortaleza;ESCOLA MUNICIPAL PROFESSORA MARIA ANTONEZIA MEIRELES E SA;Municipal;99.2;0.0;0.8;0.0;0.0;99.6;100.0;2.888427;34.7;6.8;3;1.2;260.965123761834;239.325139468137;250.14513161498547;10.0;31.153846153846157;18.5595567867036;53.251028806584365
23325216;ESCOLA MUNICIPAL PROFESSOR MANUEL EDUARDO PINHEIRO CAMPOS;Municipal;0.994149;255.37;263.48;5.314167;5.3;4.56;157;Nível IV;7.7;400.1;Fortaleza;ESCOLA MUNICIPAL PROFESSOR MANUEL EDUARDO PINHEIRO CAMPOS;Municipal;76.8;0.0;4.2;1.4;17.6;79.17999999999999;83.3;3.145161;29.8;7.0;4;1.4;258.685730056708;246.813699557117;252.7497148069125;11.0;25.566666666666663;13.78299120234604;47.71838331160365
23325224;ESCOLA MUNICIPAL PROFESSORA MARIA JOSE MACARIO COELHO;Municipal;0.991966;258.51;275.38;5.564833;5.5;4.57;201;Nível IV;17.3;395.4;Fortaleza;ESCOLA MUNICIPAL PROFESSORA MARIA JOSE MACARIO COELHO;Municipal;80.6;0.0;1.0;0.0;18.4;81.1;88.4;2.684318;35.4;7.0;3;2.4;268.734449099874;248.444062843974;258.589255971924;10.0;35.36;4.793028322440087;49.7737556561086
23331615;ESCOLA MUNICIPAL DE TEMPO INTEGRAL PROFESSOR JOAQUIM FRANCISCO DE SOUSA FILHO;Municipal;0.989123;287.4;290.75;6.3025;6.2;4.65;122;Nível IV;8.2;315.90000000000003;Fortaleza;ESCOLA MUNICIPAL DE TEMPO INTEGRAL PROFESSOR JOAQUIM FRANCISCO DE SOUSA FILHO;Municipal;92.8;5.2;2.0;0.0;0.0;97.96;100.0;3.035229;38.8;10.0;2;0.5;289.189857606508;278.07225068454;283.631054145524;11.0;38.81818181818182;11.055276381909549;54.56674473067916
23529989;ESCOLA MUNICIPAL DE TEMPO INTEGRAL ALDEMIR MARTINS;Municipal;0.995181;277.45;281.76;5.986833;6.0;4.85;74;Nível IV;1.5;305.0;Fortaleza;ESCOLA MUNICIPAL DE TEMPO INTEGRAL ALDEMIR MARTINS;Municipal;95.0;0.0;0.0;5.0;0.0;96.0;100.0;2.538211;35.7;10.0;2;0.8;284.013294559646;264.059396080623;274.0363453201345;11.0;35.72727272727273;18.803418803418804;44.783715012722645
23547987;ESCOLA MUNICIPAL SECRETARIO PAULO PETROLA;Municipal;1.0;256.68;271.88;5.476;5.5;4.55;254;Nível IV;14.8;406.9;Fortaleza;ESCOLA MUNICIPAL SECRETARIO PAULO PETROLA;Municipal;100.0;0.0;0.0;0.0;0.0;100.0;100.0;2.422289;36.0;6.9;4;0.9;270.158405451078;247.987961613893;259.0731835324855;11.0;32.56;5.158069883527454;51.96560196560197
23547995;ESCOLA MUNICIPAL DOM ALOISIO LORSCHEIDER;Municipal;0.972936;254.94;265.23;5.336167;5.2;4.49;199;Nível III;14.5;379.6;Fortaleza;ESCOLA MUNICIPAL DOM ALOISIO LORSCHEIDER;Municipal;98.3;0.0;1.7;0.0;0.0;99.15;100.0;2.545842;33.3;7.0;4;2.4;261.538979636022;249.276365564611;255.4076726003165;10.0;27.62162162162162;8.740359897172237;52.15264187866928
